{"cameraMode":{"drawMode":0,"name":"Shaded","section":"Shading Mode"},"sceneLighting":false,"audioPlay":false,"sceneViewState":{"m_AlwaysRefresh":false,"showFog":true,"showSkybox":false,"showFlares":true,"showImageEffects":true,"showParticleSystems":true,"showVisualEffectGraphs":true,"m_FxEnabled":true},"in2DMode":false,"pivot":{"x":0.5124219059944153,"y":-0.5045642256736755,"z":1.0140424966812134},"rotation":{"x":-0.16520901024341584,"y":0.8277291655540466,"z":-0.43408146500587466,"w":-0.3149913549423218},"size":1.0651452541351319,"orthographic":false}