{"cameraMode":{"drawMode":0,"name":"Shaded","section":"Shading Mode"},"sceneLighting":true,"audioPlay":false,"sceneViewState":{"m_AlwaysRefresh":false,"showFog":true,"showSkybox":true,"showFlares":true,"showImageEffects":true,"showParticleSystems":true,"showVisualEffectGraphs":true,"m_FxEnabled":true},"in2DMode":false,"pivot":{"x":963.9345703125,"y":449.6426696777344,"z":235.80328369140626},"rotation":{"x":0.0066027469001710419,"y":0.0012306129792705179,"z":-0.000011915074537682813,"w":1.0000240802764893},"size":726.7005615234375,"orthographic":false}