{"cameraMode":{"drawMode":0,"name":"Shaded","section":"Shading Mode"},"sceneLighting":true,"audioPlay":false,"sceneViewState":{"m_AlwaysRefresh":false,"showFog":true,"showSkybox":true,"showFlares":true,"showImageEffects":true,"showParticleSystems":true,"showVisualEffectGraphs":true,"m_FxEnabled":true},"in2DMode":false,"pivot":{"x":-4.933699131011963,"y":1.1712608337402344,"z":-23.83068084716797},"rotation":{"x":-0.08808556944131851,"y":0.01552535966038704,"z":-0.0012914949329569936,"w":-0.9960651993751526},"size":1.8872017860412598,"orthographic":false}