{"cameraMode":{"drawMode":0,"name":"Shaded","section":"Shading Mode"},"sceneLighting":true,"audioPlay":false,"sceneViewState":{"m_AlwaysRefresh":false,"showFog":true,"showSkybox":true,"showFlares":true,"showImageEffects":true,"showParticleSystems":true,"showVisualEffectGraphs":true,"m_FxEnabled":true},"in2DMode":false,"pivot":{"x":934.8582763671875,"y":627.9486694335938,"z":998.5654296875},"rotation":{"x":-0.0030033623334020378,"y":0.010771689005196095,"z":-0.00008319926564581692,"w":-1.000025749206543},"size":1722.624267578125,"orthographic":false}