{"cameraMode":{"drawMode":0,"name":"Shaded","section":"Shading Mode"},"sceneLighting":true,"audioPlay":false,"sceneViewState":{"m_AlwaysRefresh":false,"showFog":true,"showSkybox":true,"showFlares":true,"showImageEffects":true,"showParticleSystems":true,"showVisualEffectGraphs":true,"m_FxEnabled":true},"in2DMode":false,"pivot":{"x":855.6163330078125,"y":530.18603515625,"z":272.4908142089844},"rotation":{"x":0.06057564169168472,"y":0.00009197105100611225,"z":0.00012521968164946884,"w":0.9982839822769165},"size":394.06964111328127,"orthographic":false}