{"cameraMode":{"drawMode":0,"name":"Shaded","section":"Shading Mode"},"sceneLighting":true,"audioPlay":false,"sceneViewState":{"m_AlwaysRefresh":false,"showFog":true,"showSkybox":true,"showFlares":true,"showImageEffects":true,"showParticleSystems":true,"showVisualEffectGraphs":true,"m_FxEnabled":true},"in2DMode":false,"pivot":{"x":1010.615966796875,"y":125.22941589355469,"z":755.1614990234375},"rotation":{"x":-0.2227386087179184,"y":-0.059770867228507999,"z":0.013450073078274727,"w":-0.9730978012084961},"size":1336.7640380859375,"orthographic":false}